{"cameraMode":{"drawMode":0,"name":"Shaded","section":"Shading Mode"},"sceneLighting":false,"audioPlay":false,"sceneViewState":{"showFog":true,"showMaterialUpdate":false,"showSkybox":true,"showFlares":true,"showImageEffects":true,"showParticleSystems":true},"in2DMode":false,"pivot":{"x":25.207368850708009,"y":100.185791015625,"z":-2.2607696056365969},"rotation":{"x":-0.10252425074577332,"y":-0.6926084756851196,"z":0.10043401271104813,"w":-0.7068913578987122},"size":5.132837295532227,"orthographic":false}