{"cameraMode":{"drawMode":0,"name":"Shaded","section":"Shading Mode"},"sceneLighting":true,"audioPlay":false,"sceneViewState":{"showFog":true,"showMaterialUpdate":false,"showSkybox":true,"showFlares":true,"showImageEffects":true,"showParticleSystems":true},"in2DMode":false,"pivot":{"x":108.09271240234375,"y":55.29946517944336,"z":80.43063354492188},"rotation":{"x":-0.028474319726228715,"y":0.7769080400466919,"z":-0.035226721316576007,"w":-0.6279826164245606},"size":6.4898529052734379,"orthographic":false}