{"cameraMode":{"drawMode":0,"name":"Shaded","section":"Shading Mode"},"sceneLighting":true,"audioPlay":false,"sceneViewState":{"showFog":true,"showMaterialUpdate":false,"showSkybox":true,"showFlares":true,"showImageEffects":true,"showParticleSystems":true},"in2DMode":false,"pivot":{"x":-48.10745620727539,"y":121.4336166381836,"z":34.489646911621097},"rotation":{"x":0.007062176242470741,"y":0.978253960609436,"z":-0.033779457211494449,"w":0.2045193463563919},"size":11.396183013916016,"orthographic":false}