{"cameraMode":{"drawMode":0,"name":"Shaded","section":"Shading Mode"},"sceneLighting":false,"audioPlay":false,"sceneViewState":{"showFog":true,"showMaterialUpdate":false,"showSkybox":true,"showFlares":true,"showImageEffects":true,"showParticleSystems":true},"in2DMode":false,"pivot":{"x":18.712644577026368,"y":131.7324981689453,"z":-24.499977111816408},"rotation":{"x":-0.009410932660102845,"y":0.7171582579612732,"z":-0.009704778902232647,"w":-0.6967792510986328},"size":4.629002571105957,"orthographic":false}