{"cameraMode":{"drawMode":0,"name":"Shaded","section":"Shading Mode"},"sceneLighting":false,"audioPlay":false,"sceneViewState":{"showFog":true,"showMaterialUpdate":false,"showSkybox":true,"showFlares":true,"showImageEffects":true,"showParticleSystems":true},"in2DMode":false,"pivot":{"x":-0.049599796533584598,"y":1.1534669399261475,"z":0.0},"rotation":{"x":0.019495738670229913,"y":-0.9804221391677856,"z":0.14428837597370149,"w":0.13256435096263886},"size":2.0898702144622804,"orthographic":false}