{"cameraMode":{"drawMode":0,"name":"Shaded","section":"Shading Mode"},"sceneLighting":false,"audioPlay":false,"sceneViewState":{"showFog":true,"showMaterialUpdate":false,"showSkybox":true,"showFlares":true,"showImageEffects":true,"showParticleSystems":true},"in2DMode":false,"pivot":{"x":17.835451126098634,"y":130.15298461914063,"z":-21.46110725402832},"rotation":{"x":0.0031829900108277799,"y":0.9763305187225342,"z":-0.21578384935855866,"w":0.01435043290257454},"size":21.58027458190918,"orthographic":false}