{"cameraMode":{"drawMode":0,"name":"Shaded","section":"Shading Mode"},"sceneLighting":false,"audioPlay":false,"sceneViewState":{"showFog":true,"showMaterialUpdate":false,"showSkybox":true,"showFlares":true,"showImageEffects":true,"showParticleSystems":true},"in2DMode":false,"pivot":{"x":22.08429718017578,"y":103.27066040039063,"z":3.879460573196411},"rotation":{"x":0.019495738670229913,"y":-0.9804221391677856,"z":0.14428837597370149,"w":0.13256435096263886},"size":27.267621994018556,"orthographic":false}