{"cameraMode":{"drawMode":0,"name":"Shaded","section":"Shading Mode"},"sceneLighting":false,"audioPlay":false,"sceneViewState":{"showFog":true,"showMaterialUpdate":false,"showSkybox":true,"showFlares":true,"showImageEffects":true,"showParticleSystems":true},"in2DMode":false,"pivot":{"x":18.260000228881837,"y":130.74501037597657,"z":-20.860000610351564},"rotation":{"x":0.05648704618215561,"y":-0.2576051950454712,"z":-0.015087108127772808,"w":-0.9644797444343567},"size":1.9080456495285035,"orthographic":false}