{"cameraMode":{"drawMode":0,"name":"Shaded","section":"Shading Mode"},"sceneLighting":false,"audioPlay":false,"sceneViewState":{"showFog":true,"showMaterialUpdate":false,"showSkybox":true,"showFlares":true,"showImageEffects":true,"showParticleSystems":true},"in2DMode":false,"pivot":{"x":12.029999732971192,"y":130.134765625,"z":-0.7799999713897705},"rotation":{"x":-0.01586669683456421,"y":-0.9645935893058777,"z":0.25640755891799929,"w":-0.059689056128263476},"size":6.756665229797363,"orthographic":false}