{"cameraMode":{"drawMode":0,"name":"Shaded","section":"Shading Mode"},"sceneLighting":true,"audioPlay":false,"sceneViewState":{"showFog":true,"showMaterialUpdate":false,"showSkybox":true,"showFlares":true,"showImageEffects":true,"showParticleSystems":true},"in2DMode":false,"pivot":{"x":-12.00343132019043,"y":138.54000854492188,"z":-19.704038619995118},"rotation":{"x":-0.015589381568133831,"y":-0.670206606388092,"z":0.014083139598369599,"w":-0.7418771982192993},"size":22.08185577392578,"orthographic":false}