{"cameraMode":{"drawMode":0,"name":"Shaded","section":"Shading Mode"},"sceneLighting":true,"audioPlay":false,"sceneViewState":{"showFog":true,"showMaterialUpdate":false,"showSkybox":true,"showFlares":true,"showImageEffects":true,"showParticleSystems":true},"in2DMode":false,"pivot":{"x":6.117862701416016,"y":127.6231918334961,"z":-0.7811737060546875},"rotation":{"x":-0.047745052725076678,"y":0.2625998258590698,"z":-0.012990180402994156,"w":-0.9636353850364685},"size":80.52515411376953,"orthographic":false}