{"cameraMode":{"drawMode":0,"name":"Shaded","section":"Shading Mode"},"sceneLighting":true,"audioPlay":false,"sceneViewState":{"showFog":true,"showMaterialUpdate":false,"showSkybox":true,"showFlares":true,"showImageEffects":true,"showParticleSystems":true},"in2DMode":false,"pivot":{"x":-4.51433801651001,"y":107.46573638916016,"z":-24.93951416015625},"rotation":{"x":0.060883089900016788,"y":0.9386447072029114,"z":-0.2564053237438202,"w":0.2224762886762619},"size":55.426116943359378,"orthographic":false}