{"cameraMode":{"drawMode":0,"name":"Shaded","section":"Shading Mode"},"sceneLighting":true,"audioPlay":false,"sceneViewState":{"showFog":true,"showMaterialUpdate":false,"showSkybox":true,"showFlares":true,"showImageEffects":true,"showParticleSystems":true},"in2DMode":false,"pivot":{"x":460.6379699707031,"y":222.42684936523438,"z":16.532611846923829},"rotation":{"x":-0.05576065182685852,"y":-0.004782242700457573,"z":-0.0002670662943273783,"w":0.9984326958656311},"size":351.7179870605469,"orthographic":false}